id,name,style_overwrite,code,display_detail,sequence,type,sign,parent_id/id,label,excluded_account_ids/id,template_row,template_col,report_type,activity_form,formula,formula_prev,balance_line_side,balance_leveling_line
balansas0,Išplėstinis balansas,0,,detail_with_hierarchy,0,sum,Preserve balance sign,,TRUE,,,,BL,uab,,,upper,FALSE
report_1,TURTAS,0,,detail_with_hierarchy,1,sum,Preserve balance sign,balansas0,TRUE,,,,BL,uab,,,upper,FALSE
report_2,ILGALAIKIS TURTAS,0,A.,detail_with_hierarchy,2,accounts,Preserve balance sign,report_1,FALSE,,26,5,BL,uab,"SUM(F28,F35,F46,F56)","SUM(G28,G35,G46,G56)",upper,FALSE
report_3,NEMATERIALUSIS TURTAS,0,1.,detail_with_hierarchy,3,accounts,Preserve balance sign,report_2,FALSE,,27,5,BL,uab,SUM(F29:F34),SUM(G29:G34),upper,FALSE
report_4,Plėtros darbai,0, 1.1.,detail_with_hierarchy,4,accounts,Preserve balance sign,report_3,FALSE,,28,5,BL,uab,,,upper,FALSE
report_5,Prestižas,0, 1.2.,detail_with_hierarchy,5,accounts,Preserve balance sign,report_3,FALSE,,29,5,BL,uab,,,upper,FALSE
report_6,Programinė įranga,0, 1.3.,detail_with_hierarchy,6,accounts,Preserve balance sign,report_3,FALSE,,30,5,BL,uab,,,upper,FALSE
report_7,"Koncesijos, patentai, licencijos, prekių ženklai ir panašios teisės",0, 1.4.,detail_with_hierarchy,7,accounts,Preserve balance sign,report_3,FALSE,,31,5,BL,uab,,,upper,FALSE
report_8,Kitas nematerialusis turtas,0, 1.5.,detail_with_hierarchy,8,accounts,Preserve balance sign,report_3,FALSE,,32,5,BL,uab,,,upper,FALSE
report_9,Sumokėti avansai,0, 1.6.,detail_with_hierarchy,9,accounts,Preserve balance sign,report_3,FALSE,,33,5,BL,uab,,,upper,FALSE
report_10,MATERIALUSIS TURTAS,0,2.,detail_with_hierarchy,10,accounts,Preserve balance sign,report_2,FALSE,,34,5,BL,uab,"SUM(F36:F41,F44,F45)","SUM(G36:G41,G44,G45)",upper,FALSE
report_11,Žemė,0, 2.1.,detail_with_hierarchy,11,accounts,Preserve balance sign,report_10,FALSE,,35,5,BL,uab,,,upper,FALSE
report_12,Pastatai ir statiniai,0, 2.2.,detail_with_hierarchy,12,accounts,Preserve balance sign,report_10,FALSE,,36,5,BL,uab,,,upper,FALSE
report_13,Mašinos ir įranga,0, 2.3.,detail_with_hierarchy,13,accounts,Preserve balance sign,report_10,FALSE,,37,5,BL,uab,,,upper,FALSE
report_14,Transporto priemonės,0, 2.4.,detail_with_hierarchy,14,accounts,Preserve balance sign,report_10,FALSE,,38,5,BL,uab,,,upper,FALSE
report_15,"Kiti įrenginiai, prietaisai ir įrankiai",0, 2.5.,detail_with_hierarchy,15,accounts,Preserve balance sign,report_10,FALSE,,39,5,BL,uab,,,upper,FALSE
report_16,Investicinis turtas,0, 2.6.,detail_with_hierarchy,16,accounts,Preserve balance sign,report_10,FALSE,,40,5,BL,uab,F42+F43,G42+G43,upper,FALSE
report_17,Žemė,0, 2.6.1.,detail_with_hierarchy,17,accounts,Preserve balance sign,report_16,FALSE,,41,5,BL,uab,,,upper,FALSE
report_18,Pastatai ,0, 2.6.2.,detail_with_hierarchy,18,accounts,Preserve balance sign,report_16,FALSE,,42,5,BL,uab,,,upper,FALSE
report_19,Sumokėti avansai ir vykdomi materialio turto statybos (gamybos) darbai,0, 2.7.,detail_with_hierarchy,19,accounts,Preserve balance sign,report_10,FALSE,,43,5,BL,uab,,,upper,FALSE
report_20,Kitas materialus turtas,0,2.8.,detail_with_hierarchy,20,accounts,Preserve balance sign,report_10,FALSE,,44,5,BL,uab,,,upper,FALSE
report_23,FINANSINIS TURTAS,0,3.,detail_with_hierarchy,23,accounts,Preserve balance sign,report_2,FALSE,,45,5,BL,uab,SUM(F47:F55),SUM(G47:G55),upper,FALSE
report_24,Įmonių grupės įmonių akcijos,0, 3.1.,detail_with_hierarchy,24,accounts,Preserve balance sign,report_23,FALSE,,46,5,BL,uab,,,upper,TRUE
report_25,Paskolos įmonių grupės įmonėms,0, 3.2.,detail_with_hierarchy,25,accounts,Preserve balance sign,report_23,FALSE,,47,5,BL,uab,,,upper,FALSE
report_26,Iš įmonių grupės įmonių gautinos sumos ,0, 3.3.,detail_with_hierarchy,26,accounts,Preserve balance sign,report_23,FALSE,,48,5,BL,uab,,,upper,FALSE
report_27,Asocijuotųjų įmonių akcijos,0, 3.4.,detail_with_hierarchy,27,accounts,Preserve balance sign,report_23,FALSE,,49,5,BL,uab,,,upper,FALSE
report_28,Paskolos asocijuotosioms įmonėms ,0, 3.5.,detail_with_hierarchy,28,accounts,Preserve balance sign,report_23,FALSE,,50,5,BL,uab,,,upper,FALSE
report_29,Iš asocijuotųjų įmonių gautinos sumos ,0, 3.6.,detail_with_hierarchy,29,accounts,Preserve balance sign,report_23,FALSE,,51,5,BL,uab,,,upper,FALSE
report_30,Ilgalaikės investicijos,0, 3.7.,detail_with_hierarchy,30,accounts,Preserve balance sign,report_23,FALSE,,52,5,BL,uab,,,upper,FALSE
report_31,Po vienų metų gautinos sumos ,0, 3.8.,detail_with_hierarchy,31,accounts,Preserve balance sign,report_23,FALSE,,53,5,BL,uab,,,upper,FALSE
report_32,Kitas finansinis turtas,0, 3.9.,detail_with_hierarchy,32,accounts,Preserve balance sign,report_23,FALSE,,54,5,BL,uab,,,upper,FALSE
report_34,KITAS ILGALAIKIS TURTAS,0,4.,detail_with_hierarchy,34,accounts,Preserve balance sign,report_2,FALSE,,55,5,BL,uab,F57+F58+F59,G57+G58+G59,upper,FALSE
report_35,Atidėtojo pelno mokesčio turtas,0, 4.1.,detail_with_hierarchy,35,accounts,Preserve balance sign,report_34,FALSE,,56,5,BL,uab,,,upper,FALSE
report_36,Biologinis turtas,0, 4.2.,detail_with_hierarchy,36,accounts,Preserve balance sign,report_34,FALSE,,57,5,BL,uab,,,upper,FALSE
report_37,Kitas turtas,0, 4.3.,detail_with_hierarchy,37,accounts,Preserve balance sign,report_34,FALSE,,58,5,BL,uab,,,upper,FALSE
report_38,TRUMPALAIKIS TURTAS,0,B.,detail_with_hierarchy,38,accounts,Preserve balance sign,report_1,FALSE,,59,5,BL,uab,SUM(F61+F72+F77+F80),SUM(G61+G72+G77+G80),upper,FALSE
report_39,ATSARGOS,0,1.,detail_with_hierarchy,39,accounts,Preserve balance sign,report_38,FALSE,,60,5,BL,uab,SUM(F62:F71),SUM(G62:G71),upper,FALSE
report_40,"Žaliavos, medžiagos ir komplektavimo detalės ",0, 1.1.,detail_with_hierarchy,40,accounts,Preserve balance sign,report_39,FALSE,,61,5,BL,uab,,,upper,FALSE
report_41,Nebaigta produkcija ir vykdomi darbai ,0, 1.2.,detail_with_hierarchy,41,accounts,Preserve balance sign,report_39,FALSE,,62,5,BL,uab,,,upper,FALSE
report_42,Produkcija,0, 1.3.,detail_with_hierarchy,42,accounts,Preserve balance sign,report_39,FALSE,,63,5,BL,uab,,,upper,FALSE
report_43,"Pirktos prekės, skirtos perparduoti",0, 1.4.,detail_with_hierarchy,43,accounts,Preserve balance sign,report_39,FALSE,,64,5,BL,uab,,,upper,FALSE
report_44,Biologinis turtas,0, 1.5.,detail_with_hierarchy,44,accounts,Preserve balance sign,report_39,FALSE,,65,5,BL,uab,,,upper,FALSE
report_45,"Ilgalaikis materialusis turtas, skirtas parduoti",0, 1.6.,detail_with_hierarchy,45,accounts,Preserve balance sign,report_39,FALSE,,66,5,BL,uab,,,upper,FALSE
report_46,"Nematerialusis turtas, skirtas parduoti",0,1.7.,detail_with_hierarchy,46,accounts,Preserve balance sign,report_39,FALSE,,67,5,BL,uab,,,upper,FALSE
report_47,Sumokėti avansai ,0, 1.8.,detail_with_hierarchy,47,accounts,Preserve balance sign,report_39,FALSE,,68,5,BL,uab,,,upper,FALSE
report_48,Prekės kelyje,0,1.9.,detail_with_hierarchy,48,accounts,Preserve balance sign,report_39,FALSE,,69,5,BL,uab,,,upper,FALSE
report_49,Kitas trumpalaikis turtas,0,1.10.,detail_with_hierarchy,49,accounts,Preserve balance sign,report_39,FALSE,,70,5,BL,uab,,,upper,FALSE
report_50,PER VIENUS METUS GAUTINOS SUMOS ,0,2.,detail_with_hierarchy,50,accounts,Preserve balance sign,report_38,FALSE,,71,5,BL,uab,SUM(F73:F76),SUM(G73:G76),upper,FALSE
report_51,Pirkėjų skolos ,0, 2.1.,detail_with_hierarchy,51,accounts,Preserve balance sign,report_50,FALSE,,72,5,BL,uab,,,upper,FALSE
report_52,Įmonių grupės įmonių skolos ,0, 2.2.,detail_with_hierarchy,52,accounts,Preserve balance sign,report_50,FALSE,,73,5,BL,uab,,,upper,FALSE
report_53,Asocijuotųjų įmonių skolos,0, 2.3.,detail_with_hierarchy,53,accounts,Preserve balance sign,report_50,FALSE,,74,5,BL,uab,,,upper,FALSE
report_54,Kitos gautinos sumos ,0, 2.4.,detail_with_hierarchy,54,accounts,Preserve balance sign,report_50,FALSE,,75,5,BL,uab,,,upper,FALSE
report_55,TRUMPALAIKĖS INVESTICIJOS,0,3.,detail_with_hierarchy,55,accounts,Preserve balance sign,report_38,FALSE,,76,5,BL,uab,SUM(F78:F79),SUM(G78:G79),upper,FALSE
report_56,Įmonių grupės įmonių akcijos,0, 3.1.,detail_with_hierarchy,56,accounts,Preserve balance sign,report_55,FALSE,,77,5,BL,uab,,,upper,FALSE
report_57,Kitos investicijos ,0, 3.2.,detail_with_hierarchy,57,accounts,Preserve balance sign,report_55,FALSE,,78,5,BL,uab,,,upper,FALSE
report_58,PINIGAI IR PINIGŲ EKVIVALENTAI,0,4.,detail_with_hierarchy,58,accounts,Preserve balance sign,report_38,FALSE,,79,5,BL,uab,,,upper,FALSE
report_59,ATEINANČIŲ LAIKOTARPIŲ SĄNAUDOS IR SUKAUPTOS PAJAMOS,0,C.,detail_with_hierarchy,59,accounts,Preserve balance sign,report_1,FALSE,,80,5,BL,uab,,,upper,FALSE
report_60,TURTO IŠ VISO,0,,detail_with_hierarchy,60,accounts,Preserve balance sign,balansas0,FALSE,,81,5,BL,uab,SUM(F27+F60+F81),SUM(G27+G60+G81),upper,FALSE
report_61,NUOSAVAS KAPITALAS IR ĮSIPAREIGOJIMAI,0,,detail_with_hierarchy,61,accounts,Reverse balance sign,balansas0,TRUE,,,,BL,uab,,,lower,FALSE
report_62,NUOSAVAS KAPITALAS,0,D.,detail_with_hierarchy,62,accounts,Reverse balance sign,report_61,FALSE,,83,5,BL,uab,SUM(F85+F90+F91+F92+F96),SUM(G85+G90+G91+G92+G96),lower,FALSE
report_63,KAPITALAS,0,1.,detail_with_hierarchy,63,accounts,Reverse balance sign,report_62,FALSE,,84,5,BL,uab,SUM(F86:F89),SUM(G86:G89),lower,FALSE
report_64,Įstatinis (pasirašytasis) arba pagrindinis kapitalas,0, 1.1.,detail_with_hierarchy,64,accounts,Reverse balance sign,report_63,FALSE,,85,5,BL,uab,,,lower,FALSE
report_65,Pasirašytasis neapmokėtas kapitalas (–),0, 1.2.,detail_with_hierarchy,65,accounts,Reverse balance sign,report_63,FALSE,,86,5,BL,uab,,,lower,FALSE
report_66,"Savos akcijos, pajai (–)",0, 1.3.,detail_with_hierarchy,66,accounts,Reverse balance sign,report_63,FALSE,,87,5,BL,uab,,,lower,FALSE
report_67,Kitas kapitalas,0,1.4.,detail_with_hierarchy,67,accounts,Reverse balance sign,report_63,FALSE,,88,5,BL,uab,,,lower,FALSE
report_72,AKCIJŲ PRIEDAI,0,2.,detail_with_hierarchy,72,accounts,Reverse balance sign,report_62,FALSE,,89,5,BL,uab,,,lower,FALSE
report_73,PERKAINOJIMO REZERVAS,0,3.,detail_with_hierarchy,73,accounts,Reverse balance sign,report_62,FALSE,,90,5,BL,uab,,,lower,FALSE
report_74,REZERVAI,0,4.,detail_with_hierarchy,74,accounts,Reverse balance sign,report_62,FALSE,,91,5,BL,uab,SUM(F93:F95),SUM(G93:G95),lower,FALSE
report_75,Privalomasis rezervas arba atsargos (rezervinis) kapitalas,0, 4.1.,detail_with_hierarchy,75,accounts,Reverse balance sign,report_74,FALSE,,92,5,BL,uab,,,lower,FALSE
report_76,Savoms akcijoms įsigyti,0, 4.2.,detail_with_hierarchy,76,accounts,Reverse balance sign,report_74,FALSE,,93,5,BL,uab,,,lower,FALSE
report_77,Kiti rezervai,0, 4.3.,detail_with_hierarchy,77,accounts,Reverse balance sign,report_74,FALSE,,94,5,BL,uab,,,lower,FALSE
report_78,NEPASKIRSTYTASIS PELNAS (NUOSTOLIAI),0,5.,detail_with_hierarchy,78,accounts,Reverse balance sign,report_62,FALSE,,95,5,BL,uab,SUM(F97:F99),SUM(G97:G99),lower,FALSE
report_79,Ataskaitinių metų pelnas (nuostoliai),0, 5.1.,detail_with_hierarchy,79,accounts,Reverse balance sign,report_78,FALSE,,96,5,BL,uab,,,lower,FALSE
report_80,Ankstesnių metų pelnas (nuostoliai),0, 5.2.,detail_with_hierarchy,80,accounts,Reverse balance sign,report_78,FALSE,,97,5,BL,uab,,,lower,FALSE
report_81,Kita,0,5.3.,detail_with_hierarchy,81,accounts,Reverse balance sign,report_78,FALSE,,98,5,BL,uab,,,lower,TRUE
report_82,"DOTACIJOS, SUBSIDIJOS",0,E.,detail_with_hierarchy,82,accounts,Reverse balance sign,report_61,FALSE,,99,5,BL,uab,,,lower,FALSE
report_83,ATIDĖJINIAI,0,F.,detail_with_hierarchy,83,accounts,Reverse balance sign,report_61,FALSE,,100,5,BL,uab,SUM(F102:F104),SUM(G102:G104),lower,FALSE
report_84,Pensijų ir panašių įsipareigojimų atidėjiniai,0,1,detail_with_hierarchy,84,accounts,Reverse balance sign,report_83,FALSE,,101,5,BL,uab,,,lower,FALSE
report_85,Mokesčių atidėjiniai,0,2,detail_with_hierarchy,85,accounts,Reverse balance sign,report_83,FALSE,,102,5,BL,uab,,,lower,FALSE
report_86,Kiti atidėjiniai,0,3,detail_with_hierarchy,86,accounts,Reverse balance sign,report_83,FALSE,,103,5,BL,uab,,,lower,FALSE
report_88,MOKĖTINOS SUMOS IR KITI ĮSIPAREIGOJIMAI,0,G.,detail_with_hierarchy,88,accounts,Reverse balance sign,report_61,FALSE,,104,5,BL,uab,SUM(F106+F115),SUM(G106+G115),lower,FALSE
report_90,PO VIENŲ METŲ MOKĖTINOS SUMOS IR KITI ILGALAIKIAI ĮSIPAREIGOJIMAI,0,1,detail_with_hierarchy,90,accounts,Reverse balance sign,report_88,FALSE,,105,5,BL,uab,SUM(F107:F114),SUM(G107:G114),lower,FALSE
report_91,Skoliniai įsipareigojimai,0, 1.1.,detail_with_hierarchy,91,accounts,Reverse balance sign,report_90,FALSE,,106,5,BL,uab,,,lower,FALSE
report_92,Skolos kredito įstaigoms,0, 1.2.,detail_with_hierarchy,92,accounts,Reverse balance sign,report_90,FALSE,,107,5,BL,uab,,,lower,FALSE
report_93,Gauti avansai,0, 1.3.,detail_with_hierarchy,93,accounts,Reverse balance sign,report_90,FALSE,,108,5,BL,uab,,,lower,FALSE
report_94,Skolos tiekėjams,0, 1.4.,detail_with_hierarchy,94,accounts,Reverse balance sign,report_90,FALSE,,109,5,BL,uab,,,lower,FALSE
report_95,Pagal vekselius ir čekius mokėtinos sumos ,0, 1.5.,detail_with_hierarchy,95,accounts,Reverse balance sign,report_90,FALSE,,110,5,BL,uab,,,lower,FALSE
report_96,Įmonių grupės įmonėms mokėtinos sumos ,0, 1.6.,detail_with_hierarchy,96,accounts,Reverse balance sign,report_90,FALSE,,111,5,BL,uab,,,lower,FALSE
report_97,Asocijuotosioms įmonėms mokėtinos sumos ,0, 1.7.,detail_with_hierarchy,97,accounts,Reverse balance sign,report_90,FALSE,,112,5,BL,uab,,,lower,FALSE
report_98,Kitos mokėtinos sumos ir ilgalaikiai įsipareigojimai,0, 1.8.,detail_with_hierarchy,98,accounts,Reverse balance sign,report_90,FALSE,,113,5,BL,uab,,,lower,FALSE
report_99,PER VIENUS METUS MOKĖTINOS SUMOS IR KITI TRUMPALAIKIAI ĮSIPAREIGOJIMAI,0,2,detail_with_hierarchy,99,accounts,Reverse balance sign,report_88,FALSE,,114,5,BL,uab,SUM(F116:F125),SUM(G116:G125),lower,FALSE
report_100,Skoliniai įsipareigojimai,0, 2.1.,detail_with_hierarchy,100,accounts,Reverse balance sign,report_99,FALSE,,115,5,BL,uab,,,lower,FALSE
report_101,Skolos kredito įstaigoms,0, 2.2.,detail_with_hierarchy,101,accounts,Reverse balance sign,report_99,FALSE,,116,5,BL,uab,,,lower,FALSE
report_102,Gauti avansai,0, 2.3.,detail_with_hierarchy,102,accounts,Reverse balance sign,report_99,FALSE,,117,5,BL,uab,,,lower,FALSE
report_103,Skolos tiekėjams,0, 2.4.,detail_with_hierarchy,103,accounts,Reverse balance sign,report_99,FALSE,,118,5,BL,uab,,,lower,FALSE
report_104,Pagal vekselius ir čekius mokėtinos sumos ,0, 2.5.,detail_with_hierarchy,104,accounts,Reverse balance sign,report_99,FALSE,,119,5,BL,uab,,,lower,FALSE
report_105,Įmonių grupės įmonėms mokėtinos sumos ,0, 2.6.,detail_with_hierarchy,105,accounts,Reverse balance sign,report_99,FALSE,,120,5,BL,uab,,,lower,FALSE
report_106,Asocijuotosioms įmonėms mokėtinos sumos,0, 2.7.,detail_with_hierarchy,106,accounts,Reverse balance sign,report_99,FALSE,,121,5,BL,uab,,,lower,FALSE
report_107,Pelno mokesčio įsipareigojimai,0, 2.8.,detail_with_hierarchy,107,accounts,Reverse balance sign,report_99,FALSE,,122,5,BL,uab,,,lower,FALSE
report_108,Su darbo santykiais susiję įsipareigojimai,0, 2.9.,detail_with_hierarchy,108,accounts,Reverse balance sign,report_99,FALSE,,123,5,BL,uab,,,lower,FALSE
report_109,Kitos mokėtinos sumos ir trumpalaikiai įsipareigojimai,0, 2.10.,detail_with_hierarchy,109,accounts,Reverse balance sign,report_99,FALSE,,124,5,BL,uab,,,lower,FALSE
report_110,SUKAUPTOS SĄNAUDOS IR ATEINANČIŲ LAIKOTARPIŲ PAJAMOS,0,H.,detail_with_hierarchy,110,accounts,Reverse balance sign,report_61,FALSE,,125,5,BL,uab,,,lower,FALSE
report_111,NUOSAVO KAPITALO IR ĮSIPAREIGOJIMŲ IŠ VISO,0,,detail_with_hierarchy,111,accounts,Reverse balance sign,balansas0,FALSE,,126,5,BL,uab,SUM(F84+F100+F101+F105+F126),SUM(G84+G100+G101+G105+G126),lower,FALSE
pelnas0,Pelno (nuostolių) ataskaita,0,,detail_with_hierarchy,0,sum,Reverse balance sign,,TRUE,,,,PL,uab,,,,FALSE
pl_report_1,Pardavimo pajamos ,4,1.,detail_with_hierarchy,1,accounts,Reverse balance sign,pelnas0,FALSE,,24,3,PL,uab,,,,FALSE
pl_report_2,Pardavimo savikaina,4,2.,detail_with_hierarchy,2,accounts,Reverse balance sign,pelnas0,FALSE,,25,3,PL,uab,,,,FALSE
pl_report_3,Biologinio turto tikrosios vertės pokytis ,4,3.,detail_with_hierarchy,3,accounts,Reverse balance sign,pelnas0,FALSE,,26,3,PL,uab,,,,FALSE
pl_report_4,BENDRASIS PELNAS (NUOSTOLIAI),1,4.,detail_with_hierarchy,4,accounts,Reverse balance sign,pelnas0,FALSE,,27,3,PL,uab,SUM(D25:D27),SUM(E25:E27),,FALSE
pl_report_5,Pardavimo sąnaudos,4,5.,detail_with_hierarchy,5,accounts,Reverse balance sign,pelnas0,FALSE,,28,3,PL,uab,,,,FALSE
pl_report_6,Bendrosios ir administracinės sąnaudos,4,6.,detail_with_hierarchy,6,accounts,Reverse balance sign,pelnas0,FALSE,,29,3,PL,uab,,,,FALSE
pl_report_7,Kitos veiklos rezultatai,4,7.,detail_with_hierarchy,7,accounts,Reverse balance sign,pelnas0,FALSE,,30,3,PL,uab,,,,FALSE
pl_report_8,"Investicijų į patronuojančiosios, patronuojamųjų ir asocijuotųjų įmonių akcijas pajamos",4,8.,detail_with_hierarchy,8,accounts,Reverse balance sign,pelnas0,FALSE,,31,3,PL,uab,,,,FALSE
pl_report_9,Kitų ilgalaikių investicijų ir paskolų pajamos,4,9.,detail_with_hierarchy,9,accounts,Reverse balance sign,pelnas0,FALSE,,32,3,PL,uab,,,,FALSE
pl_report_10,Kitos palūkanų ir panašios pajamos,4,10.,detail_with_hierarchy,10,accounts,Reverse balance sign,pelnas0,FALSE,,33,3,PL,uab,,,,FALSE
pl_report_11,Finansinio turto ir trumpalaikių investicijų vertės sumažėjimas,4,11.,detail_with_hierarchy,11,accounts,Reverse balance sign,pelnas0,FALSE,,34,3,PL,uab,,,,FALSE
pl_report_12,Palūkanų ir kitos panašios sąnaudos,4,12.,detail_with_hierarchy,12,accounts,Reverse balance sign,pelnas0,FALSE,,35,3,PL,uab,,,,FALSE
pl_report_13,PELNAS (NUOSTOLIAI) PRIEŠ APMOKESTINIMĄ,1,13.,detail_with_hierarchy,13,accounts,Reverse balance sign,pelnas0,FALSE,,36,3,PL,uab,SUM(D28:D36),SUM(E28:E36),,FALSE
pl_report_14,Pelno mokestis,4,14.,detail_with_hierarchy,14,accounts,Reverse balance sign,pelnas0,FALSE,,37,3,PL,uab,,,,FALSE
pl_report_15,GRYNASIS PELNAS (NUOSTOLIAI),1,15.,detail_with_hierarchy,15,accounts,Reverse balance sign,pelnas0,FALSE,,38,3,PL,uab,"SUM(D37,D38)","SUM(E37,E38)",,FALSE
balansas00,Trumpas balansas,,,detail_with_hierarchy,0,sum,Preserve balance sign,,TRUE,,,,BL,uab,,,upper,FALSE
b00_report_1,TURTAS,,,detail_with_hierarchy,1,sum,Preserve balance sign,balansas00,TRUE,,,,BL,uab,,,upper,FALSE
b00_report_2,ILGALAIKIS TURTAS,,A.,detail_with_hierarchy,2,accounts,Preserve balance sign,b00_report_1,FALSE,,23,5,BL,uab,SUM(F25:F26),SUM(G25:G26),upper,FALSE
b00_report_3,Materialusis turtas,4,1.,detail_with_hierarchy,3,accounts,Preserve balance sign,b00_report_2,FALSE,,24,5,BL,uab,,,upper,FALSE
b00_report_4,Kitas ilgalaikis turtas ,4,2.,detail_with_hierarchy,4,accounts,Preserve balance sign,b00_report_2,FALSE,,25,5,BL,uab,,,upper,FALSE
b00_report_5,TRUMPALAIKIS TURTAS,,B.,detail_with_hierarchy,5,accounts,Preserve balance sign,b00_report_1,FALSE,,26,5,BL,uab,SUM(F28:F29),SUM(G28:G29),upper,FALSE
b00_report_6,Atsargos ,4,1.,detail_with_hierarchy,6,accounts,Preserve balance sign,b00_report_5,FALSE,,27,5,BL,uab,,,upper,FALSE
b00_report_7,Kitas trumpalaikis turtas,4,2.,detail_with_hierarchy,7,accounts,Preserve balance sign,b00_report_5,FALSE,,28,5,BL,uab,,,upper,TRUE
b00_report_8,ATEINANČIŲ LAIKOTARPIŲ SĄNAUDOS IR SUKAUPTOS PAJAMOS,,C.,detail_with_hierarchy,8,accounts,Preserve balance sign,b00_report_1,FALSE,,29,5,BL,uab,,,upper,FALSE
b00_report_9,TURTO IŠ VISO,,,detail_with_hierarchy,9,accounts,Preserve balance sign,balansas00,FALSE,,30,5,BL,uab,"SUM(F30,F27,F24)","SUM(G30,G27,G24)",upper,FALSE
b00_report_10,NUOSAVAS KAPITALAS IR ĮSIPAREIGOJIMAI,,,detail_with_hierarchy,10,sum,Reverse balance sign,balansas00,TRUE,,,,BL,uab,,,lower,FALSE
b00_report_11,NUOSAVAS KAPITALAS,,D.,detail_with_hierarchy,11,accounts,Reverse balance sign,b00_report_10,FALSE,,32,5,BL,uab,,,lower,FALSE
b00_report_12,"DOTACIJOS, SUBSIDIJOS",,E.,detail_with_hierarchy,12,accounts,Reverse balance sign,b00_report_10,FALSE,,33,5,BL,uab,,,lower,FALSE
b00_report_13,ATIDĖJINIAI,,F.,detail_with_hierarchy,13,accounts,Reverse balance sign,b00_report_10,FALSE,,34,5,BL,uab,,,lower,FALSE
b00_report_14,MOKĖTINOS SUMOS IR KITI ĮSIPAREIGOJIMAI,,G.,detail_with_hierarchy,14,accounts,Reverse balance sign,b00_report_10,FALSE,,35,5,BL,uab,SUM(F37:F38),SUM(G37:G38),lower,FALSE
b00_report_15,Po vienų metų mokėtinos sumos ir kiti ilgalaikiai įsipareigojimai,4,1.,detail_with_hierarchy,15,accounts,Reverse balance sign,b00_report_14,FALSE,,36,5,BL,uab,,,lower,TRUE
b00_report_16,Per vienus metus mokėtinos sumos ir kiti trumpalaikiai įsipareigojimai,4,2.,detail_with_hierarchy,16,accounts,Reverse balance sign,b00_report_14,FALSE,,37,5,BL,uab,,,lower,FALSE
b00_report_17,SUKAUPTOS SĄNAUDOS IR ATEINANČIŲ LAIKOTARPIŲ PAJAMOS,,H.,detail_with_hierarchy,17,accounts,Reverse balance sign,b00_report_10,FALSE,,38,5,BL,uab,,,lower,FALSE
b00_report_18,NUOSAVO KAPITALO IR ĮSIPAREIGOJIMŲ IŠ VISO,,,detail_with_hierarchy,18,accounts,Reverse balance sign,balansas00,FALSE,,39,5,BL,uab,"SUM(F33:F36,F39)","SUM(G33:G36,G39)",lower,FALSE
pelnas00,Sutrumpinta Pelno (nuostolių) ataskaita,,,detail_with_hierarchy,0,sum,Reverse balance sign,,TRUE,,,,PL,uab,,,,FALSE
pl00_report_1,Pardavimo pajamos ,4,1.,detail_with_hierarchy,1,accounts,Reverse balance sign,pelnas00,FALSE,,24,3,PL,uab,,,,FALSE
pl00_report_2,Kitos pajamos,4,2.,detail_with_hierarchy,2,accounts,Reverse balance sign,pelnas00,FALSE,,25,3,PL,uab,,,,FALSE
pl00_report_3,Įsigytos atsargos ir sunaudoti ištekliai,4,3.,detail_with_hierarchy,3,accounts,Reverse balance sign,pelnas00,FALSE,,26,3,PL,uab,,,,FALSE
pl00_report_4,Atsargų likučio pokytis ,4,4.,detail_with_hierarchy,4,accounts,Reverse balance sign,pelnas00,FALSE,,27,3,PL,uab,,,,FALSE
pl00_report_5,Su darbo santykiais susijusios sąnaudos,4,5.,detail_with_hierarchy,5,accounts,Reverse balance sign,pelnas00,FALSE,,28,3,PL,uab,,,,FALSE
pl00_report_6,"Nusidėvėjimas, amortizacija ir turto vertės sumažėjimas",4,6.,detail_with_hierarchy,6,accounts,Reverse balance sign,pelnas00,FALSE,,29,3,PL,uab,,,,FALSE
pl00_report_7,Kitos sąnaudos,4,7.,detail_with_hierarchy,7,accounts,Reverse balance sign,pelnas00,FALSE,,30,3,PL,uab,,,,FALSE
pl00_report_8,Pelno mokestis,4,8.,detail_with_hierarchy,8,accounts,Reverse balance sign,pelnas00,FALSE,,31,3,PL,uab,,,,FALSE
pl00_report_9,GRYNASIS PELNAS (NUOSTOLIAI),,9.,detail_with_hierarchy,9,accounts,Reverse balance sign,pelnas00,FALSE,,32,3,PL,uab,SUM(D25:D32),SUM(E25:E32),,FALSE
balansas1,Balansas,,,detail_with_hierarchy,0,sum,Preserve balance sign,,TRUE,,,,BL,vsi,,,upper,FALSE
b1_report1,TURTAS,,,detail_with_hierarchy,1,sum,Preserve balance sign,balansas1,TRUE,,,,BL,vsi,,,upper,FALSE
b1_report2,ILGALAIKIS TURTAS,,A.,detail_with_hierarchy,2,accounts,Preserve balance sign,b1_report1,FALSE,,24,5,BL,vsi,"SUM(F26,F30,F38)","SUM(G26,G30,G38)",upper,FALSE
b1_report3,NEMATERIALUSIS TURTAS,,I.,detail_with_hierarchy,3,accounts,Preserve balance sign,b1_report2,FALSE,,25,5,BL,vsi,SUM(F27:F29),SUM(G27:G29),upper,FALSE
b1_report4,"Patentai, licencijos",4,1.,detail_with_hierarchy,4,accounts,Preserve balance sign,b1_report3,FALSE,,26,5,BL,vsi,,,upper,FALSE
b1_report5,Programinė įranga,4,2.,detail_with_hierarchy,5,accounts,Preserve balance sign,b1_report3,FALSE,,27,5,BL,vsi,,,upper,FALSE
b1_report6,Kitas nematerialusis turtas,4,3.,detail_with_hierarchy,6,accounts,Preserve balance sign,b1_report3,FALSE,,28,5,BL,vsi,,,upper,FALSE
b1_report7,MATERIALUSIS TURTAS,,II.,detail_with_hierarchy,7,accounts,Preserve balance sign,b1_report2,FALSE,,29,5,BL,vsi,SUM(F31:F37),SUM(G31:G37),upper,FALSE
b1_report8,Žemė,4,1.,detail_with_hierarchy,8,accounts,Preserve balance sign,b1_report7,FALSE,,30,5,BL,vsi,,,upper,FALSE
b1_report9,Pastatai ir statiniai,4,2.,detail_with_hierarchy,9,accounts,Preserve balance sign,b1_report7,FALSE,,31,5,BL,vsi,,,upper,FALSE
b1_report10,Mašinos ir įrengimai,4,3.,detail_with_hierarchy,10,accounts,Preserve balance sign,b1_report7,FALSE,,32,5,BL,vsi,,,upper,FALSE
b1_report11,Transporto priemonės,4,4.,detail_with_hierarchy,11,accounts,Preserve balance sign,b1_report7,FALSE,,33,5,BL,vsi,,,upper,FALSE
b1_report12,"Kita įranga, prietaisai, įrankiai ir įrenginiai",4,5.,detail_with_hierarchy,12,accounts,Preserve balance sign,b1_report7,FALSE,,34,5,BL,vsi,,,upper,FALSE
b1_report13,Nebaigta statyba,4,6.,detail_with_hierarchy,13,accounts,Preserve balance sign,b1_report7,FALSE,,35,5,BL,vsi,,,upper,FALSE
b1_report14,Kitas  materialusis turtas,4,7.,detail_with_hierarchy,14,accounts,Preserve balance sign,b1_report7,FALSE,,36,5,BL,vsi,,,upper,FALSE
b1_report15,FINANSINIS TURTAS,,III.,detail_with_hierarchy,15,accounts,Preserve balance sign,b1_report2,FALSE,,37,5,BL,vsi,SUM(F39:F40),SUM(G39:G40),upper,FALSE
b1_report16,Po vienerių metų gautinos sumos,4,1.,detail_with_hierarchy,16,accounts,Preserve balance sign,b1_report15,FALSE,,38,5,BL,vsi,,,upper,FALSE
b1_report17,Kitas finansinis turtas,4,2.,detail_with_hierarchy,17,accounts,Preserve balance sign,b1_report15,FALSE,,39,5,BL,vsi,,,upper,TRUE
b1_report18,TRUMPALAIKIS TURTAS,,B.,detail_with_hierarchy,18,accounts,Preserve balance sign,b1_report1,FALSE,,40,5,BL,vsi,"SUM(F42,F46,F49,F53)","SUM(G42,G46,G49,G53)",upper,FALSE
b1_report19,"ATSARGOS, IŠANKSTINIAI APMOKĖJIMAI IR NEBAIGTOS VYKDYTI SUTARTYS",,I.,detail_with_hierarchy,19,accounts,Preserve balance sign,b1_report18,FALSE,,41,5,BL,vsi,SUM(F43:F45),SUM(G43:G45),upper,FALSE
b1_report20,Atsargos,4,1.,detail_with_hierarchy,20,accounts,Preserve balance sign,b1_report19,FALSE,,42,5,BL,vsi,,,upper,FALSE
b1_report21,Išankstiniai apmokėjimai,4,2.,detail_with_hierarchy,21,accounts,Preserve balance sign,b1_report19,FALSE,,43,5,BL,vsi,,,upper,FALSE
b1_report22,Nebaigtos vykdyti sutartys,4,3.,detail_with_hierarchy,22,accounts,Preserve balance sign,b1_report19,FALSE,,44,5,BL,vsi,,,upper,FALSE
b1_report23,PER VIENERIUS METUS GAUTINOS SUMOS,,II.,detail_with_hierarchy,23,accounts,Preserve balance sign,b1_report18,FALSE,,45,5,BL,vsi,SUM(F47:F48),SUM(G47:G48),upper,FALSE
b1_report24,Pirkėjų įsiskolinimas,4,1.,detail_with_hierarchy,24,accounts,Preserve balance sign,b1_report23,FALSE,,46,5,BL,vsi,,,upper,FALSE
b1_report25,Kitos gautinos sumos,4,2.,detail_with_hierarchy,25,accounts,Preserve balance sign,b1_report23,FALSE,,47,5,BL,vsi,,,upper,FALSE
b1_report26,KITAS TRUMPALAIKIS TURTAS,,III.,detail_with_hierarchy,26,accounts,Preserve balance sign,b1_report18,FALSE,,48,5,BL,vsi,SUM(F50:F52),SUM(G50:G52),upper,FALSE
b1_report27,Trumpalaikės investicijos,4,1.,detail_with_hierarchy,27,accounts,Preserve balance sign,b1_report26,FALSE,,49,5,BL,vsi,,,upper,FALSE
b1_report28,Terminuoti indėliai,4,2.,detail_with_hierarchy,28,accounts,Preserve balance sign,b1_report26,FALSE,,50,5,BL,vsi,,,upper,FALSE
b1_report29,Kitas trumpalaikis turtas,4,3.,detail_with_hierarchy,29,accounts,Preserve balance sign,b1_report26,FALSE,,51,5,BL,vsi,,,upper,FALSE
b1_report30,PINIGAI IR PINIGŲ EKVIVALENTAI,,IV.,detail_with_hierarchy,30,accounts,Preserve balance sign,b1_report18,FALSE,,52,5,BL,vsi,,,upper,FALSE
b1_report31,"TURTAS, IŠ VISO",,,detail_with_hierarchy,31,accounts,Preserve balance sign,balansas1,FALSE,,53,5,BL,vsi,"SUM(F41,F25)","SUM(G41,G25)",upper,FALSE
b1_report32,NUOSAVAS KAPITALAS IR ĮSIPAREIGOJIMAI,,,detail_with_hierarchy,32,sum,Reverse balance sign,balansas1,TRUE,,,,BL,vsi,,,lower,FALSE
b1_report33,NUOSAVAS KAPITALAS,,C.,detail_with_hierarchy,33,accounts,Reverse balance sign,b1_report32,FALSE,,61,5,BL,vsi,SUM(F63:F66),SUM(G63:G66),lower,FALSE
b1_report34,KAPITALAS,,I.,detail_with_hierarchy,34,accounts,Reverse balance sign,b1_report33,FALSE,,62,5,BL,vsi,,,lower,FALSE
b1_report35,PERKAINOJIMO REZERVAS,,II.,detail_with_hierarchy,35,accounts,Reverse balance sign,b1_report33,FALSE,,63,5,BL,vsi,,,lower,FALSE
b1_report36,KITI REZERVAI,,III.,detail_with_hierarchy,36,accounts,Reverse balance sign,b1_report33,FALSE,,64,5,BL,vsi,,,lower,FALSE
b1_report37,VEIKLOS REZULTATAS,,IV.,detail_with_hierarchy,37,accounts,Reverse balance sign,b1_report33,FALSE,,65,5,BL,vsi,SUM(F67:F68),SUM(G67:G68),lower,FALSE
b1_report38,Ataskaitinių metų veiklos rezultatas,4,1.,detail_with_hierarchy,38,accounts,Reverse balance sign,b1_report37,FALSE,,66,5,BL,vsi,,,lower,FALSE
b1_report39,Ankstesnių metų veiklos rezultatas,4,2.,detail_with_hierarchy,39,accounts,Reverse balance sign,b1_report37,FALSE,,67,5,BL,vsi,,,lower,FALSE
b1_report40,FINANSAVIMAS,,D.,detail_with_hierarchy,40,accounts,Reverse balance sign,b1_report32,FALSE,,68,5,BL,vsi,"SUM(F70:F71,F74,F75)","SUM(G70:G71,G74:G75)",lower,FALSE
b1_report41,Dotacija,4,1.,detail_with_hierarchy,41,accounts,Reverse balance sign,b1_report40,FALSE,,69,5,BL,vsi,,,lower,FALSE
b1_report42,Tiksliniai įnašai,4,2.,detail_with_hierarchy,42,accounts,Reverse balance sign,b1_report40,FALSE,,70,5,BL,vsi,SUM(F72:F73),SUM(G72:G73),lower,FALSE
b1_report43,Finansavimo sumos iš valstybės biudžeto ,4,2.1.,detail_with_hierarchy,43,accounts,Reverse balance sign,b1_report42,FALSE,,71,5,BL,vsi,,,lower,FALSE
b1_report44,Kiti tiksliniai įnašai,4,2.2.,detail_with_hierarchy,44,accounts,Reverse balance sign,b1_report42,FALSE,,72,5,BL,vsi,,,lower,FALSE
b1_report45,Nario mokesčiai,4,3.,detail_with_hierarchy,45,accounts,Reverse balance sign,b1_report40,FALSE,,73,5,BL,vsi,,,lower,FALSE
b1_report46,Kitas finansavimas,4,4.,detail_with_hierarchy,46,accounts,Reverse balance sign,b1_report40,FALSE,,74,5,BL,vsi,,,lower,FALSE
b1_report47,MOKĖTINOS SUMOS IR ĮSIPAREIGOJIMAI,,E.,detail_with_hierarchy,47,accounts,Reverse balance sign,b1_report32,FALSE,,75,5,BL,vsi,"SUM(F77,F80)","SUM(G77,G80)",lower,FALSE
b1_report48,ILGALAIKIAI ĮSIPAREIGOJIMAI,,I.,detail_with_hierarchy,48,accounts,Reverse balance sign,b1_report47,FALSE,,76,5,BL,vsi,SUM(F78:F79),SUM(G78:G79),lower,FALSE
b1_report49,Finansinės skolos,4,1.,detail_with_hierarchy,49,accounts,Reverse balance sign,b1_report48,FALSE,,77,5,BL,vsi,,,lower,FALSE
b1_report50,Kiti ilgalaikiai įsipareigojimai,4,2.,detail_with_hierarchy,50,accounts,Reverse balance sign,b1_report48,FALSE,,78,5,BL,vsi,,,lower,FALSE
b1_report51,TRUMPALAIKIAI ĮSIPAREIGOJIMAI,,II.,detail_with_hierarchy,51,accounts,Reverse balance sign,b1_report47,FALSE,,79,5,BL,vsi,SUM(F81:F86),SUM(G81:G86),lower,FALSE
b1_report52,Ilgalaikių skolų  einamųjų metų dalis,4,1.,detail_with_hierarchy,52,accounts,Reverse balance sign,b1_report51,FALSE,,80,5,BL,vsi,,,lower,FALSE
b1_report53,Finansinės skolos,4,2.,detail_with_hierarchy,53,accounts,Reverse balance sign,b1_report51,FALSE,,81,5,BL,vsi,,,lower,FALSE
b1_report54,Skolos tiekėjams,4,3.,detail_with_hierarchy,54,accounts,Reverse balance sign,b1_report51,FALSE,,82,5,BL,vsi,,,lower,FALSE
b1_report55,Gauti išankstiniai apmokėjimai,4,4.,detail_with_hierarchy,55,accounts,Reverse balance sign,b1_report51,FALSE,,83,5,BL,vsi,,,lower,FALSE
b1_report56,Su darbo santykiais susiję įsipareigojimai,4,5.,detail_with_hierarchy,56,accounts,Reverse balance sign,b1_report51,FALSE,,84,5,BL,vsi,,,lower,FALSE
b1_report57,Kiti trumpalaikiai įsipareigojimai,4,6.,detail_with_hierarchy,57,accounts,Reverse balance sign,b1_report51,FALSE,,85,5,BL,vsi,,,lower,TRUE
b1_report58,"NUOSAVAS KAPITALAS, FINANSAVIMAS IR ĮSIPAREIGOJIMAI, IŠ VISO",,,detail_with_hierarchy,58,accounts,Reverse balance sign,balansas1,FALSE,,86,5,BL,vsi,SUM(F62+F69+F76),SUM(G62+G69+G76),lower,FALSE
balansas11,Balansas,,,detail_with_hierarchy,0,sum,Preserve balance sign,,TRUE,,,,BL,vsi,,,upper,FALSE
b11_report1,TURTAS,0,,detail_with_hierarchy,1,sum,Preserve balance sign,balansas11,TRUE,,,,BL,vsi,,,upper,FALSE
b11_report2,ILGALAIKIS TURTAS,0,A.,detail_with_hierarchy,2,accounts,Preserve balance sign,b11_report1,FALSE,,24,6,BL,vsi,SUM(G26:G29),SUM(H26:H29),upper,FALSE
b11_report3,NEMATERIALUSIS TURTAS,4,I.,detail_with_hierarchy,3,accounts,Preserve balance sign,b11_report2,FALSE,,25,6,BL,vsi,,,upper,FALSE
b11_report4,MATERIALUSIS TURTAS,4,II.,detail_with_hierarchy,7,accounts,Preserve balance sign,b11_report2,FALSE,,26,6,BL,vsi,,,upper,FALSE
b11_report5,FINANSINIS TURTAS,4,III.,detail_with_hierarchy,15,accounts,Preserve balance sign,b11_report2,FALSE,,27,6,BL,vsi,,,upper,TRUE
b11_report6,KITAS ILGALIKIS TURTAS,4,IV.,detail_with_hierarchy,16,accounts,Preserve balance sign,b11_report5,FALSE,,28,6,BL,vsi,,,upper,FALSE
b11_report7,TRUMPALAIKIS TURTAS,0,B.,detail_with_hierarchy,18,accounts,Preserve balance sign,b11_report1,FALSE,,29,6,BL,vsi,SUM(G31:G34),SUM(H31:H34),upper,FALSE
b11_report8,ATSARGOS,4,I.,detail_with_hierarchy,19,accounts,Preserve balance sign,b11_report7,FALSE,,30,6,BL,vsi,,,upper,FALSE
b11_report9,PER VIENERIUS METUS GAUTINOS SUMOS,4,II.,detail_with_hierarchy,23,accounts,Preserve balance sign,b11_report7,FALSE,,31,6,BL,vsi,,,upper,FALSE
b11_report10,KITAS TRUMPALAIKIS TURTAS,4,III.,detail_with_hierarchy,26,accounts,Preserve balance sign,b11_report7,FALSE,,32,6,BL,vsi,,,upper,FALSE
b11_report11,PINIGAI IR PINIGŲ EKVIVALENTAI,4,IV.,detail_with_hierarchy,30,accounts,Preserve balance sign,b11_report7,FALSE,,33,6,BL,vsi,,,upper,FALSE
b11_report12,"TURTAS, IŠ VISO",0,,detail_with_hierarchy,31,accounts,Preserve balance sign,balansas11,FALSE,,34,6,BL,vsi,"SUM(G30,G25)","SUM(H30,H25)",upper,FALSE
b11_report13,NUOSAVAS KAPITALAS,0,C.,detail_with_hierarchy,33,accounts,Reverse balance sign,balansas11,FALSE,,35,6,BL,vsi,SUM(G37:G40),SUM(H37:H40),lower,FALSE
b11_report14,DALININKŲ KAPITALAS,4,I.,detail_with_hierarchy,34,accounts,Reverse balance sign,b11_report13,FALSE,,36,6,BL,vsi,,,lower,FALSE
b11_report15,REZERVAI,4,II.,detail_with_hierarchy,35,accounts,Reverse balance sign,b11_report13,FALSE,,37,6,BL,vsi,,,lower,TRUE
b11_report16,NELIEČIAMSIS KAPITALAS,4,III.,detail_with_hierarchy,36,accounts,Reverse balance sign,b11_report13,FALSE,,38,6,BL,vsi,,,lower,FALSE
b11_report17,SUKAUPTAS VEIKLOS REZULTATAS,4,IV.,detail_with_hierarchy,37,accounts,Reverse balance sign,b11_report13,FALSE,,39,6,BL,vsi,,,lower,FALSE
b11_report18,FINANSAVIMAS SUMOS,0,D.,detail_with_hierarchy,40,accounts,Reverse balance sign,balansas11,FALSE,,40,6,BL,vsi,,,lower,FALSE
b11_report19,MOKĖTINOS SUMOS IR ĮSIPAREIGOJIMAI,0,E.,detail_with_hierarchy,47,accounts,Reverse balance sign,balansas11,FALSE,,41,6,BL,vsi,"SUM(G43,G44)","SUM(H43,H44)",lower,FALSE
b11_report20,ILGALAIKIAI ĮSIPAREIGOJIMAI,4,I.,detail_with_hierarchy,48,accounts,Reverse balance sign,b11_report19,FALSE,,42,6,BL,vsi,,,lower,FALSE
b11_report21,TRUMPALAIKIAI ĮSIPAREIGOJIMAI,4,II.,detail_with_hierarchy,51,accounts,Reverse balance sign,b11_report19,FALSE,,43,6,BL,vsi,,,lower,FALSE
b11_report22,"NUOSAVAS KAPITALAS, FINANSAVIMAS SUMOS IR ĮSIPAREIGOJIMAI, IŠ VISO",0,,detail_with_hierarchy,58,accounts,Reverse balance sign,balansas11,FALSE,,44,6,BL,vsi,"SUM(G36,G41,G42)","SUM(H36,H41,H42)",lower,FALSE
pelnas1,Veiklos Rezultatų Forma,,,detail_with_hierarchy,0,sum,Reverse balance sign,,TRUE,,,,PL,vsi,,,,FALSE
pl1_report_1,PAJAMOS,,I.,detail_with_hierarchy,1,accounts,Reverse balance sign,pelnas1,FALSE,,23,4,PL,vsi,"SUM(E25:E26,E29)","SUM(H25:H26,H29)",,FALSE
pl1_report_2,"Pajamos už suteiktas paslaugas, parduotas prekes",4,1.,detail_with_hierarchy,2,accounts,Reverse balance sign,pelnas1,FALSE,,24,4,PL,vsi,,,,FALSE
pl1_report_3,Finansavimo pajamos,4,2.,detail_with_hierarchy,3,accounts,Reverse balance sign,pelnas1,FALSE,,25,4,PL,vsi,SUM(E27:E28),SUM(H27:H28),,FALSE
pl1_report_4,Finansavimo sumų iš valstybės biudžeto panaudojimo pajamos ,4,2.1.,detail_with_hierarchy,4,accounts,Reverse balance sign,pelnas1,FALSE,,26,4,PL,vsi,,,,FALSE
pl1_report_5,Kitos finansavimo pajamos,4,2.2.,detail_with_hierarchy,5,accounts,Reverse balance sign,pelnas1,FALSE,,27,4,PL,vsi,,,,FALSE
pl1_report_6,Kitos pajamos,4,3.,detail_with_hierarchy,6,accounts,Reverse balance sign,pelnas1,FALSE,,28,4,PL,vsi,,,,FALSE
pl1_report_7,SĄNAUDOS,,II.,detail_with_hierarchy,7,accounts,Reverse balance sign,pelnas1,FALSE,,29,4,PL,vsi,E31+E32+E33,H31+H32+H33,,FALSE
pl1_report_8,"Suteiktų paslaugų, parduotų prekių savikaina",4,1.,detail_with_hierarchy,8,accounts,Reverse balance sign,pelnas1,FALSE,,30,4,PL,vsi,,,,FALSE
pl1_report_9,Kitos sąnaudos,4,2.,detail_with_hierarchy,9,accounts,Reverse balance sign,pelnas1,FALSE,,31,4,PL,vsi,,,,FALSE
pl1_report_10,Veiklos sąnaudos,4,3.,detail_with_hierarchy,10,accounts,Reverse balance sign,pelnas1,FALSE,,32,4,PL,vsi,SUM(E34:E43),SUM(H34:H43),,FALSE
pl1_report_11,Pardavimo,4,3.1.,detail_with_hierarchy,11,accounts,Reverse balance sign,pelnas1,FALSE,,33,4,PL,vsi,,,,FALSE
pl1_report_12,Darbuotojų išlaikymo,4,3.2.,detail_with_hierarchy,12,accounts,Reverse balance sign,pelnas1,FALSE,,34,4,PL,vsi,,,,FALSE
pl1_report_13,Nusidėvėjimo (amortizacijos),4,3.3.,detail_with_hierarchy,13,accounts,Reverse balance sign,pelnas1,FALSE,,35,4,PL,vsi,,,,FALSE
pl1_report_14,Patalpų išlaikymo,4,3.4.,detail_with_hierarchy,14,accounts,Reverse balance sign,pelnas1,FALSE,,36,4,PL,vsi,,,,FALSE
pl1_report_15,Ryšių,4,3.5.,detail_with_hierarchy,15,accounts,Reverse balance sign,pelnas1,FALSE,,37,4,PL,vsi,,,,FALSE
pl1_report_16,Transporto išlaikymo,4,3.6.,detail_with_hierarchy,16,accounts,Reverse balance sign,pelnas1,FALSE,,38,4,PL,vsi,,,,FALSE
pl1_report_17,Turto vertės sumažėjimo,4,3.7.,detail_with_hierarchy,17,accounts,Reverse balance sign,pelnas1,FALSE,,39,4,PL,vsi,,,,FALSE
pl1_report_18,Kitos veiklos,4,3.8.,detail_with_hierarchy,18,accounts,Reverse balance sign,pelnas1,FALSE,,40,4,PL,vsi,,,,FALSE
pl1_report_19,"Suteiktos labdaros, paramos",4,3.9.,detail_with_hierarchy,19,accounts,Reverse balance sign,pelnas1,FALSE,,41,4,PL,vsi,,,,FALSE
pl1_report_20,Dėl ankstesnių laikotarpių klaidų taisymo,4,3.10.,detail_with_hierarchy,20,accounts,Reverse balance sign,pelnas1,FALSE,,42,4,PL,vsi,,,,FALSE
pl1_report_21,VEIKLOS REZULTATAS PRIEŠ APMOKESTINIMĄ,,III.,detail_with_hierarchy,21,accounts,Reverse balance sign,pelnas1,FALSE,,43,4,PL,vsi,E24+E30,H24+H30,,FALSE
pl1_report_22,PELNO MOKESTIS,,IV.,detail_with_hierarchy,22,accounts,Reverse balance sign,pelnas1,FALSE,,44,4,PL,vsi,,,,FALSE
pl1_report_23,GRYNASIS VEIKLOS REZULTATAS,,V.,detail_with_hierarchy,23,accounts,Reverse balance sign,pelnas1,FALSE,,45,4,PL,vsi,E44+E45,H44+H45,,FALSE
pelnas11,Veiklos Rezultatų Forma,,,detail_with_hierarchy,0,sum,Reverse balance sign,,TRUE,,,,PL,vsi,,,,FALSE
pl11_report_1,PAJAMOS,,I.,detail_with_hierarchy,1,accounts,Reverse balance sign,pelnas11,FALSE,,27,3,PL,vsi,SUM(D29:D31),SUM(E29:E31),,FALSE
pl11_report_2,PARDAVIMO PAJAMOS,4,1.,detail_with_hierarchy,2,accounts,Reverse balance sign,pelnas11,FALSE,,28,3,PL,vsi,,,,FALSE
pl11_report_3,FINANSAVIMO PAJAMOS,4,2.,detail_with_hierarchy,3,accounts,Reverse balance sign,pelnas11,FALSE,,29,3,PL,vsi,,,,FALSE
pl11_report_4,KITOS PAJAMOS,4,3.,detail_with_hierarchy,6,accounts,Reverse balance sign,pelnas11,FALSE,,30,3,PL,vsi,,,,FALSE
pl11_report_5,SĄNAUDOS,,II.,detail_with_hierarchy,7,accounts,Reverse balance sign,pelnas11,FALSE,,31,3,PL,vsi,SUM(D33:D35),SUM(E33:E35),,FALSE
pl11_report_6,"PREKIŲ, SUTEIKTŲ PASLAUGŲ SAVIKAINA  IR KITOS PARDAVIMO SĄNAUDOS",4,1.,detail_with_hierarchy,8,accounts,Reverse balance sign,pelnas11,FALSE,,32,3,PL,vsi,,,,FALSE
pl11_report_7,VEIKLOS SĄNAUDOS,4,2.,detail_with_hierarchy,10,accounts,Reverse balance sign,pelnas11,FALSE,,33,3,PL,vsi,,,,FALSE
pl11_report_8,KITOS SĄNAUDOS,4,3.,detail_with_hierarchy,9,accounts,Reverse balance sign,pelnas11,FALSE,,34,3,PL,vsi,,,,FALSE
pl11_report_9,VEIKLOS REZULTATAS PRIEŠ APMOKESTINIMĄ,,III.,detail_with_hierarchy,21,accounts,Reverse balance sign,pelnas11,FALSE,,35,3,PL,vsi,D28+D32,E28+E32,,FALSE
pl11_report_10,PELNO MOKESTIS,,IV.,detail_with_hierarchy,22,accounts,Reverse balance sign,pelnas11,FALSE,,36,3,PL,vsi,,,,FALSE
pl11_report_11,GRYNASIS VEIKLOS REZULTATAS,,V.,detail_with_hierarchy,23,accounts,Reverse balance sign,pelnas11,FALSE,,37,3,PL,vsi,D36-D37,E36-E37,,FALSE
balansas2,Balansas,,,detail_with_hierarchy,0,sum,Preserve balance sign,,TRUE,,,,BL,mb,,,upper,FALSE
b2_report_1,TURTAS,,,detail_with_hierarchy,1,sum,Preserve balance sign,balansas2,TRUE,,,,BL,mb,,,upper,FALSE
b2_report_2,ILGALAIKIS TURTAS ,,A.,detail_with_hierarchy,2,accounts,Preserve balance sign,b2_report_1,FALSE,,25,5,BL,mb,SUM(F27:F30),SUM(G27:G30),upper,FALSE
b2_report_3,Nematerialusis turtas,4,1.,detail_with_hierarchy,3,accounts,Preserve balance sign,b2_report_2,FALSE,,26,5,BL,mb,,,upper,FALSE
b2_report_4,Materialusis turtas,4,2.,detail_with_hierarchy,4,accounts,Preserve balance sign,b2_report_2,FALSE,,27,5,BL,mb,,,upper,FALSE
b2_report_5,Finansinis turtas,4,3.,detail_with_hierarchy,5,accounts,Preserve balance sign,b2_report_2,FALSE,,28,5,BL,mb,,,upper,FALSE
b2_report_6,Kitas ilgalaikis turtas,4,4.,detail_with_hierarchy,6,accounts,Preserve balance sign,b2_report_2,FALSE,,29,5,BL,mb,,,upper,FALSE
b2_report_7,TRUMPALAIKIS TURTAS,,B.,detail_with_hierarchy,7,accounts,Preserve balance sign,b2_report_1,FALSE,,30,5,BL,mb,SUM(F32:F35),SUM(G32:G35),upper,FALSE
b2_report_8,"Atsargos, sumokėti avansai ir vykdomi darbai ",4,1.,detail_with_hierarchy,8,accounts,Preserve balance sign,b2_report_7,FALSE,,31,5,BL,mb,,,upper,FALSE
b2_report_9,Per vienus metus gautinos sumos,4,2.,detail_with_hierarchy,9,accounts,Preserve balance sign,b2_report_7,FALSE,,32,5,BL,mb,,,upper,FALSE
b2_report_10,Kitas trumpalaikis turtas,4,3.,detail_with_hierarchy,10,accounts,Preserve balance sign,b2_report_7,FALSE,,33,5,BL,mb,,,upper,TRUE
b2_report_11,Pinigai,4,4.,detail_with_hierarchy,11,accounts,Preserve balance sign,b2_report_7,FALSE,,34,5,BL,mb,,,upper,FALSE
b2_report_12,TURTO IŠ VISO,,,detail_with_hierarchy,12,accounts,Preserve balance sign,balansas2,FALSE,,35,5,BL,mb,"SUM(F26,F31)","SUM(G26,G31)",upper,FALSE
b2_report_13,NUOSAVAS KAPITALAS IR ĮSIPAREIGOJIMAI,,,detail_with_hierarchy,13,sum,Reverse balance sign,balansas2,TRUE,,,,BL,mb,,,lower,FALSE
b2_report_14,NUOSAVAS KAPITALAS,,C.,detail_with_hierarchy,14,accounts,Reverse balance sign,b2_report_13,FALSE,,37,5,BL,mb,SUM(F39:F40),SUM(G39:G40),lower,FALSE
b2_report_15,Savininkų įnašai,4,1.,detail_with_hierarchy,15,accounts,Reverse balance sign,b2_report_14,FALSE,,38,5,BL,mb,,,lower,FALSE
b2_report_16,Nepaskirstytasis pelnas (nuostoliai),4,2.,detail_with_hierarchy,16,accounts,Reverse balance sign,b2_report_14,FALSE,,39,5,BL,mb,,,lower,TRUE
b2_report_17,"DOTACIJOS, SUBSIDIJOS",,D.,detail_with_hierarchy,17,accounts,Reverse balance sign,b2_report_13,FALSE,,40,5,BL,mb,,,lower,FALSE
b2_report_18,ĮSIPAREIGOJIMAI,,E.,detail_with_hierarchy,18,accounts,Reverse balance sign,b2_report_13,FALSE,,41,5,BL,mb,SUM(F43:F44),SUM(G43:G44),lower,FALSE
b2_report_19,Ilgalaikiai įsipareigojimai,4,1.,detail_with_hierarchy,19,accounts,Reverse balance sign,b2_report_18,FALSE,,42,5,BL,mb,,,lower,FALSE
b2_report_20,Trumpalaikiai įsipareigojimai,4,2.,detail_with_hierarchy,20,accounts,Reverse balance sign,b2_report_18,FALSE,,43,5,BL,mb,,,lower,FALSE
b2_report_21,NUOSAVO KAPITALO IR  ĮSIPAREIGOJIMŲ IŠ VISO,,,detail_with_hierarchy,21,accounts,Reverse balance sign,balansas2,FALSE,,44,5,BL,mb,"SUM(F42,F41,F38)","SUM(G42,G41,G38)",lower,FALSE
pelnas2,Pelno (nuostolių) ataskaita,,,detail_with_hierarchy,0,sum,Reverse balance sign,,TRUE,,,,PL,mb,,,,FALSE
pl2_report_1,Pardavimo pajamos,4,1.,detail_with_hierarchy,1,accounts,Reverse balance sign,pelnas2,FALSE,,25,3,PL,mb,,,,FALSE
pl2_report_2,Pardavimo savikaina,4,2.,detail_with_hierarchy,2,accounts,Reverse balance sign,pelnas2,FALSE,,26,3,PL,mb,,,,FALSE
pl2_report_3,Bendrasis pelnas (nuostoliai),,3.,detail_with_hierarchy,3,accounts,Reverse balance sign,pelnas2,FALSE,,27,3,PL,mb,D26+D27,E26+E27,,FALSE
pl2_report_4,Veiklos sąnaudos,4,4.,detail_with_hierarchy,4,accounts,Reverse balance sign,pelnas2,FALSE,,28,3,PL,mb,,,,FALSE
pl2_report_5,Tipinės veiklos pelnas (nuostoliai),,5.,detail_with_hierarchy,5,accounts,Reverse balance sign,pelnas2,FALSE,,29,3,PL,mb,D28+D29,E28+E29,,FALSE
pl2_report_6,Kita veikla,4,6.,detail_with_hierarchy,6,accounts,Reverse balance sign,pelnas2,FALSE,,30,3,PL,mb,,,,FALSE
pl2_report_7,Finansinė ir investicinė veikla,4,7.,detail_with_hierarchy,7,accounts,Reverse balance sign,pelnas2,FALSE,,31,3,PL,mb,,,,FALSE
pl2_report_8,Pelnas (nuostoliai) prieš apmokestinimą,4,8.,detail_with_hierarchy,8,accounts,Reverse balance sign,pelnas2,FALSE,,32,3,PL,mb,D30+D31+D32,E30+E31+E32,,FALSE
pl2_report_9,Pelno mokestis,4,9.,detail_with_hierarchy,9,accounts,Reverse balance sign,pelnas2,FALSE,,33,3,PL,mb,,,,FALSE
pl2_report_10,Grynasis pelnas (nuostoliai),,10.,detail_with_hierarchy,10,accounts,Reverse balance sign,pelnas2,FALSE,,34,3,PL,mb,D33+D34,E33+E34,,FALSE
balansas000,Sutrumpintas balansas,,,detail_with_hierarchy,0,sum,Reverse balance sign,,TRUE,,,,BL,uab,,,upper,FALSE
b000_report_1,TURTAS,,,detail_with_hierarchy,1,sum,Reverse balance sign,balansas000,TRUE,,,,BL,uab,,,upper,FALSE
b000_report_2,ILGALAIKIS TURTAS,,A.,detail_with_hierarchy,2,accounts,Preserve balance sign,b000_report_1,FALSE,,23,5,BL,uab,SUM(F25:F28),SUM(G25:G28),upper,FALSE
b000_report_3,Nematerialusis turtas,4,1.,detail_with_hierarchy,3,accounts,Preserve balance sign,b000_report_2,FALSE,,24,5,BL,uab,,,upper,FALSE
b000_report_4,Materialusis turtas,4,2.,detail_with_hierarchy,4,accounts,Preserve balance sign,b000_report_2,FALSE,,25,5,BL,uab,,,upper,FALSE
b000_report_5,Finansinis turtas,4,3.,detail_with_hierarchy,5,accounts,Preserve balance sign,b000_report_2,FALSE,,26,5,BL,uab,,,upper,FALSE
b000_report_6,Kitas ilgalaikis turtas ,4,4.,detail_with_hierarchy,6,accounts,Preserve balance sign,b000_report_2,FALSE,,27,5,BL,uab,,,upper,FALSE
b000_report_7,TRUMPALAIKIS TURTAS,,B.,detail_with_hierarchy,7,accounts,Preserve balance sign,b000_report_1,FALSE,,28,5,BL,uab,SUM(F30:F33),SUM(G30:G33),upper,FALSE
b000_report_8,Atsargos ,4,1.,detail_with_hierarchy,8,accounts,Preserve balance sign,b000_report_7,FALSE,,29,5,BL,uab,,,upper,FALSE
b000_report_9,Per vienus metus gautinos sumos ,4,2.,detail_with_hierarchy,9,accounts,Preserve balance sign,b000_report_7,FALSE,,30,5,BL,uab,,,upper,TRUE
b000_report_10,Trumpalaikės investicijos ,4,3.,detail_with_hierarchy,10,accounts,Preserve balance sign,b000_report_7,FALSE,,31,5,BL,uab,,,upper,FALSE
b000_report_11,Pinigai ir pinigų ekvivalentai,4,4.,detail_with_hierarchy,11,accounts,Preserve balance sign,b000_report_7,FALSE,,32,5,BL,uab,,,upper,FALSE
b000_report_12,ATEINANČIŲ LAIKOTARPIŲ SĄNAUDOS IR SUKAUPTOS PAJAMOS,,C.,detail_with_hierarchy,12,accounts,Preserve balance sign,b000_report_7,FALSE,,33,5,BL,uab,,,upper,FALSE
b000_report_13,TURTO IŠ VISO,,,detail_with_hierarchy,13,accounts,Preserve balance sign,b000_report_1,FALSE,,34,5,BL,uab,SUM(F24+F29+F34),SUM(G24+G29+G34),upper,FALSE
b000_report_14,NUOSAVAS KAPITALAS IR ĮSIPAREIGOJIMAI,,,detail_with_hierarchy,14,sum,Reverse balance sign,balansas000,TRUE,,,,BL,uab,,,lower,FALSE
b000_report_15,NUOSAVAS KAPITALAS,,D.,detail_with_hierarchy,15,accounts,Reverse balance sign,b000_report_14,FALSE,,36,5,BL,uab,SUM(F38:F42),SUM(G38:G42),lower,FALSE
b000_report_16,Kapitalas,4,1.,detail_with_hierarchy,16,accounts,Reverse balance sign,b000_report_15,FALSE,,37,5,BL,uab,,,lower,FALSE
b000_report_17,Akcijų priedai,4,2.,detail_with_hierarchy,17,accounts,Reverse balance sign,b000_report_15,FALSE,,38,5,BL,uab,,,lower,FALSE
b000_report_18,Perkainojimo rezervas ,4,3.,detail_with_hierarchy,18,accounts,Reverse balance sign,b000_report_15,FALSE,,39,5,BL,uab,,,lower,FALSE
b000_report_19,Rezervai,4,4.,detail_with_hierarchy,19,accounts,Reverse balance sign,b000_report_15,FALSE,,40,5,BL,uab,,,lower,FALSE
b000_report_20,Nepaskirstytasis pelnas (nuostoliai) ,4,5.,detail_with_hierarchy,20,accounts,Reverse balance sign,b000_report_15,FALSE,,41,5,BL,uab,,,lower,TRUE
b000_report_21,"DOTACIJOS, SUBSIDIJOS",,E.,detail_with_hierarchy,21,accounts,Reverse balance sign,b000_report_14,FALSE,,42,5,BL,uab,,,lower,FALSE
b000_report_22,ATIDĖJINIAI,,F.,detail_with_hierarchy,22,accounts,Reverse balance sign,b000_report_14,FALSE,,43,5,BL,uab,,,lower,FALSE
b000_report_23,MOKĖTINOS SUMOS IR KITI ĮSIPAREIGOJIMAI,,G.,detail_with_hierarchy,23,accounts,Reverse balance sign,b000_report_14,FALSE,,44,5,BL,uab,SUM(F46:F47),SUM(G46:G47),lower,FALSE
b000_report_24,Po vienų metų mokėtinos sumos ir kiti ilgalaikiai įsipareigojimai,4,1.,detail_with_hierarchy,24,accounts,Reverse balance sign,b000_report_23,FALSE,,45,5,BL,uab,,,lower,FALSE
b000_report_25,Per vienus metus mokėtinos sumos ir kiti trumpalaikiai įsipareigojimai,4,2.,detail_with_hierarchy,25,accounts,Reverse balance sign,b000_report_23,FALSE,,46,5,BL,uab,,,lower,FALSE
b000_report_26,SUKAUPTOS SĄNAUDOS IR ATEINANČIŲ LAIKOTARPIŲ PAJAMOS,,H.,detail_with_hierarchy,26,accounts,Reverse balance sign,b000_report_14,FALSE,,47,5,BL,uab,,,lower,FALSE
b000_report_27,NUOSAVO KAPITALO IR ĮSIPAREIGOJIMŲ IŠ VISO,,,detail_with_hierarchy,27,accounts,Reverse balance sign,b000_report_14,FALSE,,48,5,BL,uab,SUM(F37+F43+F44+F45+F48),SUM(G37+G43+G44+G45+G48),lower,FALSE
